topic,sentiment_mean,sentiment_std,subjectivity_mean,subjectivity_std,counting
Adaptation,0.0340297479238947,0.9765520089674429,0.15696571675942633,1.231553149451865,85.0
Causes,-0.11344533946812786,0.832032320866761,0.1291572680998173,1.0758951220423385,47.0
Hazard,0.05582307043024598,0.9749631885165982,0.0791090335454829,1.0300167076381084,392.0
Impacts,-0.024356608215419916,0.9983951935473733,-0.0698631556164602,0.9059229499667671,796.0
