topic,sentiment_mean,sentiment_std,subjectivity_mean,subjectivity_std,counting
Adaptation,-0.02898483602062326,0.987496006860277,0.19750253015562494,1.3056951579241007,74.0
Causes,-0.33370589535355394,0.833833771779522,-0.020861589331358076,0.9425667117016374,24.0
Hazard,0.15224312486920916,0.9962455331732927,0.05656293423870693,1.0149008954494059,220.0
Impacts,-0.047423199466075934,0.9687358349128722,-0.07253041756509283,0.8634080384205621,452.0
