topic,sentiment_mean,sentiment_std,subjectivity_mean,subjectivity_std,counting
Adaptation,-0.14665386482829873,0.5003664377033276,-0.48761914978314397,0.1446007925013259,5.0
Causes,-0.15811388300841897,0.22360679774997896,-0.15811388300841897,0.22360679774997896,2.0
Hazard,-0.2610066394876316,0.18533628749742828,-0.19427686022167032,0.31466052911201065,13.0
Impacts,0.23247206576224844,1.2867555763899554,0.33601758587084163,1.2386562015748526,30.0
