week,sentiment_mean,sentiment_std,subjectivity_mean,subjectivity_std,counting
2025-38,-0.37170381654299595,0.8302635548490536,-0.04304826310957285,0.4789369738494041,3.0
2025-39,0.2871929709506843,1.0265811850185478,-0.17077577154952128,0.8543949960525306,17.0
2025-40,-0.11560493689103792,0.7180481221499847,0.4203909472979901,0.8915736136434597,8.0
2025-41,-0.008543588369809195,1.0766854495397669,-0.1629428700965391,0.5545255567950075,29.0
2025-42,-0.02054823672402479,0.7352799283248219,-0.04218597091731169,0.7822898956901916,27.0
2025-43,-0.07651557950232693,0.8232855303320002,0.03265387391581408,1.2224692058533178,23.0
2025-44,-0.029215883262501824,1.000064568850595,0.26894328590196437,1.3279748551620145,12.0
2025-45,-0.07063331814953046,0.6302611564456672,0.4798513139038903,0.7333019397757737,7.0
