topic,sentiment_mean,sentiment_std,subjectivity_mean,subjectivity_std,counting
Adaptation,0.01273313549196553,0.9715035793220052,0.1559576108437879,1.2749683451000322,77.0
Causes,-0.21902193145723992,0.8248784784181529,0.20101744881790357,1.247255823826574,29.0
Hazard,0.12156845181489895,1.0054564657906422,0.0885793979840421,1.0368987995682168,271.0
Impacts,-0.04630499902336176,0.9770499907146015,-0.08149570167490361,0.867307116057893,583.0
