topic,sentiment_mean,sentiment_std,subjectivity_mean,subjectivity_std,counting
Adaptation,0.05691589356860668,0.9705094800067521,0.16006321957068995,1.2322756930867178,85.0
Causes,-0.09996586217632818,0.8303829091983653,0.13518614579797808,1.0748458593787975,47.0
Hazard,0.05891900510940546,0.9823908490854031,0.08737913332970594,1.028528533071831,369.0
Impacts,-0.028932100828778173,0.9953514556182513,-0.07465918291785338,0.9034191129997683,766.0
