topic,sentiment_mean,sentiment_std,subjectivity_mean,subjectivity_std,counting
Causes,-0.2768370402481451,1.0,-0.3779644730092272,1.0,1.0
Hazard,0.15587456448374898,0.6177609347804244,0.09434925220038419,1.0850092340511621,7.0
Impacts,-0.02356006775587307,0.9314222073930987,0.006371496016730157,0.8709510626782709,35.0
