keyword,sentiment_mean,sentiment_std,subjectivity_mean,subjectivity_std,counting
'Frost',0.15244737576690512,1.2125917509717592,-0.2178664860445119,0.47679528576008656,11.0
'Glatteis',0.33326201693744306,0.4329126500660635,-0.21075407019167364,0.24594119510308665,4.0
'Polarwirbel',-0.2768370402481451,1.0,-0.3779644730092272,1.0,1.0
'Schnee',-0.1917285786320643,0.8212607685749602,0.18190413114869214,1.0865448640850472,20.0
'Temperatursturz',0.15587456448374898,0.6177609347804244,0.09434925220038419,1.0850092340511621,7.0
