topic,sentiment_mean,sentiment_std,subjectivity_mean,subjectivity_std,counting
Adaptation,0.04700374713350288,0.9700270386974235,0.17759933499559047,1.2380691510512614,83.0
Causes,-0.08065326253738596,0.8399124309962017,0.20221797843150016,1.1392191619510086,45.0
Hazard,0.07662225458883455,0.9893601905766283,0.08019302979697479,1.0204453335808532,336.0
Impacts,-0.03640530781852132,0.9906043588391727,-0.07539545453223755,0.9024147009713637,738.0
