topic,sentiment_mean,sentiment_std,subjectivity_mean,subjectivity_std,counting
Adaptation,-0.4961491463387871,0.8432532044133703,-0.17434390285315418,0.5392283345834721,15.0
Causes,-0.0854954622779632,0.5572457890663122,-0.373873706510185,0.2086825609979297,13.0
Hazard,0.23828539050787342,1.003252600599699,0.13458585755745794,0.9980848427848039,102.0
Impacts,-0.0713819915479848,0.9472532206251038,-0.08410214752789208,0.8918439742387476,188.0
