topic,sentiment_mean,sentiment_std,subjectivity_mean,subjectivity_std,counting
Causes,0.32010029747553076,1.0,-0.5773502691896257,1.0,1.0
Hazard,0.24309609354767003,0.6385184419893678,-0.10398001383772106,0.6093435528779072,7.0
Impacts,-0.1275286984067208,1.0455085858485993,0.11471991145685366,1.0535809290622276,12.0
