topic,sentiment_mean,sentiment_std,subjectivity_mean,subjectivity_std,counting
Adaptation,-0.4431090928393898,0.7196137702344734,-0.15445511250062452,0.6504479691607333,16.0
Causes,-0.20814571632869877,0.8871873914717922,-0.22575230025266363,0.7339843229095446,15.0
Hazard,0.20122191211543167,0.9909440782072169,0.06272528615056315,0.9240339029311866,129.0
Impacts,-0.051531207780543424,0.95812514379451,-0.046456191271694335,0.9363776213819067,260.0
