week,sentiment_mean,sentiment_std,subjectivity_mean,subjectivity_std,counting
2025-38,-0.26845004146723567,0.8157799338825197,-0.10018936082670027,0.4812261420067193,3.0
2025-39,0.28624455465679083,1.0576114703107653,-0.18189246086962244,0.8815102010044849,17.0
2025-40,-0.1975568894487472,0.6589244619504812,0.4097769566209846,0.9026708227286493,8.0
2025-41,-0.012422666532853833,1.0941412735881815,-0.13946488813642757,0.5976470016313127,29.0
2025-42,-0.041021114177383064,0.7489600911823352,-0.04591871498033698,0.8131006949838265,27.0
2025-43,-0.06833639674214508,0.8671508191324042,0.044918536255229735,1.2352432271295595,23.0
2025-44,-0.07689457030884005,0.9452397044641048,0.15452797059604867,1.2152214025500365,16.0
2025-45,0.015941357079017022,0.6176038264067009,0.3712198511531599,0.758688726919727,9.0
2025-46,0.09622570859607095,0.963654294055862,0.056851208861858606,0.9148336330492507,15.0
