keyword,sentiment_mean,sentiment_std,subjectivity_mean,subjectivity_std,counting
'Frost',0.23288490106439558,1.2300225583542053,0.06142018425489199,0.791504060338853,7.0
'Polarwirbel',0.45888648614913385,1.0,-0.5,1.0,1.0
'Schnee',-0.2726113519947542,0.6699903199444424,0.037224803974833305,1.0364441414203251,12.0
'Temperatursturz',0.25361018619328884,0.7367109301785575,-0.04360148086481045,0.7215153041741592,7.0
