topic,sentiment_mean,sentiment_std,subjectivity_mean,subjectivity_std,counting
Adaptation,0.02926484360259036,0.9791032952977395,0.16222060829740484,1.231282598943049,85.0
Causes,-0.1447312562541128,0.7968750622041302,0.14441242645939872,1.0884373706400416,47.0
Hazard,0.06559894058337543,0.978740860777844,0.07484220545816064,1.029142466445469,398.0
Impacts,-0.027283511127395743,0.9968781329605854,-0.06957036999784647,0.905977113319225,806.0
