week,sentiment_mean,sentiment_std,subjectivity_mean,subjectivity_std,counting
2025-38,-0.37170381654299595,0.8302635548490536,-0.04304826310957285,0.4789369738494041,3.0
2025-39,0.3040905706056838,1.0497181762507692,-0.16439528509748336,0.8584264139540718,17.0
2025-40,-0.11269030599783138,0.730393792283247,0.4383997072712483,0.91485513459127,8.0
2025-41,-0.0036607097307856957,1.087527252842538,-0.15607282870275224,0.5540146164998891,29.0
2025-42,-0.018041592184635653,0.7398942460547092,-0.031364732149338354,0.7943561881615049,27.0
2025-43,-0.07239206807151126,0.8342087629531443,0.03099753913886611,1.2434769907445222,23.0
2025-44,-0.060660418868715975,0.9195636893984186,0.1489049959405849,1.1984088736736398,16.0
2025-45,-0.06987957308312492,0.6299192236006242,0.4879305976545747,0.7489320348116584,7.0
