week,sentiment_mean,sentiment_std,subjectivity_mean,subjectivity_std,counting
2025-38,-0.31622776601683794,0.0,-0.31622776601683794,0.0,3.0
2025-39,0.24223033986777232,1.0484069256985131,0.23358484144247027,1.1079389608354215,17.0
2025-40,-0.17279054885064152,0.16176246235571304,-0.17969708164620513,0.16809327083801728,8.0
2025-41,0.17155501970097095,1.3715184944009577,0.3596764914900601,1.2686841038001355,26.0
2025-42,-0.2507142756282879,0.10007350466464508,-0.36462568007259727,0.06082148282203641,18.0
2025-43,-0.17491618169305526,0.4528640070830511,-0.4590539191554263,0.14704878700110863,6.0
