domain,sentiment_mean,sentiment_std,subjectivity_mean,subjectivity_std,counting
www.stern.de,-0.09232426303854875,0.18534354706428247,0.028316326530612248,0.06170752350445731,14.0
www.bild.de,-0.14515873015873015,0.23479743927596783,0.027777777777777776,0.048112522432468816,3.0
www.autobild.de,0.0,1.0,0.0,1.0,1.0
www.morgenpost.de,0.0,1.0,0.0,1.0,1.0
www.zeit.de,0.0,1.0,0.0,1.0,1.0
