week,sentiment_mean,sentiment_std,subjectivity_mean,subjectivity_std,counting
2025-38,-0.16005014873776546,1.3587875843317507,0.28867513459481287,1.224744871391589,2.0
2025-39,-0.6554509189667168,0.7793782314033061,-0.35355339059327373,0.0,2.0
2025-40,-0.4432271270128211,1.0795079962427518,0.9487617324816451,2.1582482904638627,2.0
2025-41,0.37496223184382893,0.3946108473557796,-0.1271356419515952,0.20873708555507417,5.0
2025-42,0.3780246005480114,1.1190406286917818,-0.35355339059327373,0.0,3.0
