keyword,sentiment_mean,sentiment_std,subjectivity_mean,subjectivity_std,counting
'Frost',0.135859131207373,1.0817260022743913,-0.20398757119438887,0.5077398619527755,23.0
'Glatteis',0.024814563671534423,0.6693959514965142,0.36936249314808034,1.0464820681531997,6.0
'Kälteeinbruch',0.0,1.0,0.16666666666666666,1.0,1.0
'Polarwirbel',-0.3033620441563985,0.06595602967537875,-0.122717701593687,0.4563917504116656,2.0
'Schnee',-0.1973460075792913,0.7848791547982511,0.1020110330918974,1.1079508375896236,28.0
'Temperatursturz',0.3735877295833392,1.0693491312297927,0.01944203237503996,1.1139898287990782,7.0
