topic,sentiment_mean,sentiment_std,subjectivity_mean,subjectivity_std,counting
Adaptation,0.022954740817780945,0.9584288611774999,0.2157907826705489,1.3214495270353503,83.0
Causes,-0.07587814255837408,0.8494903814786218,0.2728327809499633,1.1421800588981224,38.0
Hazard,0.1442367880213914,0.9906135737410979,0.09877700931440976,1.0478576642240547,277.0
Impacts,-0.06362137034600632,0.9845158364129707,-0.09835137893850954,0.852084975579118,621.0
