week,sentiment_mean,sentiment_std,subjectivity_mean,subjectivity_std,counting
2025-38,0.0,1.0,0.0,0.9999999999999999,2.0
2025-41,-0.22109065565022679,0.8271010035364842,0.03571428571428571,0.050507627227610534,3.0
2025-42,0.5773502691896257,0.0,,1.0,2.0
