domain,sentiment_mean,sentiment_std,subjectivity_mean,subjectivity_std,counting
www.stern.de,-0.12674603174603175,0.12701785266425997,0.025,0.07071067811865477,8.0
www.bild.de,-0.18273809523809526,0.31903984532107327,0.041666666666666664,0.05892556509887896,2.0
www.autobild.de,0.0,1.0,0.0,1.0,1.0
www.morgenpost.de,0.0,1.0,0.0,1.0,1.0
www.zeit.de,0.0,1.0,0.0,1.0,1.0
