topic,sentiment_mean,sentiment_std,subjectivity_mean,subjectivity_std,counting
Adaptation,-0.4959553284694872,0.7883533470390418,-0.1640124232909628,0.6564776595769457,16.0
Causes,-0.1625188488836177,0.8318559745016598,-0.22080867340374152,0.7314836049771765,14.0
Hazard,0.157413335363341,0.9720031637648019,0.0951269040993933,0.9784267659010408,124.0
Impacts,-0.027107288439482062,0.962654734180597,-0.07063408770596909,0.900426165969553,214.0
