topic,sentiment_mean,sentiment_std,subjectivity_mean,subjectivity_std,counting
Adaptation,-0.4985698316330389,0.8249994309196738,-0.23935311018038594,0.49278023492959366,13.0
Causes,-0.1618222118160561,0.4020958500863355,-0.35019082205510843,0.2799700720429391,8.0
Hazard,0.08572803499213393,0.8791810530653466,0.07833958484165644,0.9369813157309812,43.0
Impacts,0.0749383497341784,0.9955295731478379,-0.026036918327455645,0.9226341190591718,98.0
