topic,sentiment_mean,sentiment_std,subjectivity_mean,subjectivity_std,counting
Adaptation,0.03004837561072694,0.9788553766265757,0.15961160025558188,1.2305449076210595,85.0
Causes,-0.13292058476103888,0.8052244011532529,0.13716990094041973,1.0825256297368702,47.0
Hazard,0.061948833925003215,0.9790251177203092,0.07649221812259566,1.0301249980568485,394.0
Impacts,-0.024558359800801836,0.9972278028271645,-0.06924859434670871,0.9052681890847922,800.0
