topic,sentiment_mean,sentiment_std,subjectivity_mean,subjectivity_std,counting
Adaptation,-0.3968830324797627,0.7987376821440523,-0.30362297250960196,0.48825202805515433,13.0
Causes,0.021474621580909597,0.44774692926634274,-0.18535026897024318,0.3337231222833969,4.0
Hazard,0.1609137403069284,0.805240619584784,0.13103827805987855,0.9569786569657815,33.0
Impacts,0.047769834612972635,0.9976521152107818,-0.007129532330734094,0.9057384640779885,69.0
