topic,sentiment_mean,sentiment_std,subjectivity_mean,subjectivity_std,counting
Adaptation,-0.378978664669251,0.786822824404192,-0.31959241914348796,0.5034536412818638,13.0
Causes,-0.2581404545768556,0.13122107461711524,-0.14637510259092737,0.29996963808218424,3.0
Hazard,0.16658312166559633,0.8345300753628874,0.08467363198838565,0.9030919067725806,30.0
Impacts,0.07538514623672729,0.98658972948352,0.026293417018648565,0.9371087609466419,56.0
