topic,sentiment_mean,sentiment_std,subjectivity_mean,subjectivity_std,counting
Adaptation,0.05296342203135579,0.9568554114651645,0.20517700451628043,1.3153643806846889,83.0
Causes,-0.0815005425160115,0.8724207489218485,0.2467626058864425,1.1515407899362735,39.0
Hazard,0.09795264241344423,0.9994376936806179,0.10202879026875662,1.0435683956472428,316.0
Impacts,-0.05207950345735238,0.9825694057978418,-0.10015973022294586,0.856807794303711,636.0
