topic,sentiment_mean,sentiment_std,subjectivity_mean,subjectivity_std,counting
Causes,0.45888648614913385,1.0,-0.5,1.0,1.0
Hazard,0.25361018619328884,0.7367109301785575,-0.04360148086481045,0.7215153041741592,7.0
Impacts,-0.08637589034138328,0.9172781662797401,0.046138891446433884,0.9302879262525156,19.0
