topic,sentiment_mean,sentiment_std,subjectivity_mean,subjectivity_std,counting
Adaptation,0.058990306210742,0.9687587759432605,0.16023980259149118,1.2330468601529567,85.0
Causes,-0.09853474973421913,0.8273448243716195,0.1761314613239117,1.1222880659531451,47.0
Hazard,0.060868653637000475,0.9856550189082282,0.07816000150971282,1.0177567004902512,365.0
Impacts,-0.030013227742672084,0.9939721113835378,-0.0727633705039468,0.9054812503945789,764.0
