week,sentiment_mean,sentiment_std,subjectivity_mean,subjectivity_std,counting
2025-38,-0.2784980636638148,0.8768503951727787,-0.10692443634479994,0.5263423444439876,3.0
2025-39,0.23303526907997277,0.9744198224608015,-0.08974385168619022,1.0066083203222973,17.0
2025-40,-0.21180748290362955,0.5765002720539582,0.4869111823890026,1.0151737924359276,8.0
2025-41,-0.05405161911484442,1.0383669162017144,-0.04994944807458004,0.6582336289022794,29.0
2025-42,-0.04683404227411122,0.7429984319722835,0.0361842549331592,0.8796900454668752,27.0
2025-43,-0.04121816673228711,0.9372930101313162,0.06824788348922102,1.2890602597495988,26.0
2025-44,0.14095381181109373,0.9979351746023591,0.02314855541642363,1.123275712195373,24.0
2025-45,0.3232549977711072,1.2330934138713041,0.25561798859096535,0.8660749253001148,12.0
2025-46,-0.1260054163405948,0.8603807651733417,-0.1226185158767779,0.7757065356013165,44.0
