topic,sentiment_mean,sentiment_std,subjectivity_mean,subjectivity_std,counting
Adaptation,0.0340297479238947,0.9765520089674428,0.15696571675942633,1.231553149451865,85.0
Causes,-0.11344533946812789,0.8320323208667612,0.1291572680998173,1.0758951220423385,47.0
Hazard,0.055823070430245994,0.9749631885165981,0.0791090335454829,1.0300167076381084,392.0
Impacts,-0.02435660821541992,0.9983951935473733,-0.0698631556164602,0.905922949966767,796.0
