topic,sentiment_mean,sentiment_std,subjectivity_mean,subjectivity_std,counting
Adaptation,-0.4839182423807754,0.8045162093817338,-0.19477132277711945,0.4582070090269854,14.0
Causes,-0.07835820939289516,0.46145210224980715,-0.3882873413849672,0.2154281419550197,11.0
Hazard,0.15119224904042536,0.9684728548474038,0.11223620976232379,0.978167882077464,69.0
Impacts,-0.0025970432719881705,0.9849281791779032,-0.05965328219519182,0.9003471681537689,139.0
