topic,sentiment_mean,sentiment_std,subjectivity_mean,subjectivity_std,counting
Hazard,0.07020408163265301,0.7242239236211335,0.017857142857142856,0.5784538387264924,7.0
