topic,sentiment_mean,sentiment_std,subjectivity_mean,subjectivity_std,counting
Adaptation,0.05996151712953289,0.9701337480363232,0.16748689741736195,1.2321194415109007,85.0
Causes,-0.09635651739773994,0.8317974800080327,0.17695899162176068,1.1202670936515677,47.0
Hazard,0.07620281389870813,0.9946562161336766,0.0792055508326439,1.0187663844616919,338.0
Impacts,-0.035915060564418344,0.9890853946799945,-0.07223972558182468,0.9059017142111269,756.0
