topic,sentiment_mean,sentiment_std,subjectivity_mean,subjectivity_std,counting
Adaptation,0.029569119576357498,0.978522008409588,0.1611349472664412,1.2307773410842138,85.0
Causes,-0.14343094454099814,0.7956923432292746,0.14346586895410599,1.08892502331294,47.0
Hazard,0.06604077583896607,0.9793545800665737,0.07512399421012539,1.0289300024567714,397.0
Impacts,-0.026390104994041225,0.9973096525979205,-0.06942940081433434,0.9055402240366809,803.0
