topic,sentiment_mean,sentiment_std,subjectivity_mean,subjectivity_std,counting
Adaptation,-0.37648516088711215,0.7737447960694751,-0.3106395579981051,0.49585341789336973,13.0
Causes,-0.2581404545768556,0.13122107461711524,-0.14637510259092737,0.29996963808218424,3.0
Hazard,0.1592832126693357,0.8307679036563534,0.08479481061629882,0.9035513942761382,30.0
Impacts,0.08572585149612598,0.9917851675933949,0.03303094621802638,0.9400290823463754,52.0
