topic,sentiment_mean,sentiment_std,subjectivity_mean,subjectivity_std,counting
Adaptation,0.04037245886327271,0.968977062561157,0.16235753287948215,1.2328985287683003,85.0
Causes,-0.10833046594756304,0.8274796966451059,0.13505316970624556,1.0789609352931973,47.0
Hazard,0.050204480321714866,0.9825980695138105,0.08377068730999647,1.0262703845722045,377.0
Impacts,-0.022200396900809327,0.9958529352449694,-0.07245461338438214,0.9069926270070137,781.0
