domain,sentiment_mean,sentiment_std,subjectivity_mean,subjectivity_std,counting
www.stern.de,-0.09232426303854875,0.18534354706428247,0.028316326530612248,0.06170752350445731,14.0
www.bild.de,-0.15886904761904763,0.19366237686538895,0.020833333333333332,0.041666666666666664,4.0
www.sueddeutsche.de,0.13749999999999998,0.13149778198382917,0.18333333333333332,0.21343747458109494,4.0
www.autobild.de,0.0,1.0,0.0,1.0,1.0
www.brigitte.de,0.0,1.0,0.0,1.0,1.0
www.dwdl.de,0.0,1.0,0.0,1.0,1.0
www.morgenpost.de,0.0,1.0,0.0,1.0,1.0
www.zeit.de,0.0,1.0,0.0,1.0,1.0
