topic,sentiment_mean,sentiment_std,subjectivity_mean,subjectivity_std,counting
Adaptation,-0.12444833411531839,0.9933103500800522,0.11742559202813144,1.0545414202745909,57.0
Causes,-0.30046630713133116,0.854709196478021,0.013435248763390467,1.0011856840249793,21.0
Hazard,0.13787953709801126,0.9882884371529526,0.06487431514100081,1.0454760994669434,206.0
Impacts,-0.03342456198768279,0.9691420337598602,-0.07034114800614534,0.8790247880116977,402.0
