keyword,sentiment_mean,sentiment_std,subjectivity_mean,subjectivity_std,counting
'Schnee',-0.5076776660252216,0.6870635840238798,0.17677669529663684,1.1346805717910216,6.0
'Temperatursturz',0.5053563667971288,0.6438303504076179,-0.14131880005017855,0.45466196565561573,7.0
