topic,sentiment_mean,sentiment_std,subjectivity_mean,subjectivity_std,counting
Adaptation,-0.44955374631370854,0.8407306843503859,-0.15386248530527388,0.5135084711129039,15.0
Causes,-0.06130759489813626,0.5569821781260932,-0.3670314563781753,0.2028963612848566,13.0
Hazard,0.19998234564871803,1.0025926554819202,0.09200950682260299,0.9727850409115016,95.0
Impacts,-0.049602781768421415,0.9538868914366301,-0.06407643944848954,0.9052922339344638,161.0
