week,sentiment_mean,sentiment_std,subjectivity_mean,subjectivity_std,counting
2025-38,-0.16005014873776546,1.3587875843317507,0.28867513459481287,1.224744871391589,2.0
2025-39,0.054129731144092585,1.3658121086639474,-0.45887964582741486,0.0,4.0
2025-40,-0.34624138375448776,0.9423494427699818,1.1024329809090168,2.375572254136657,2.0
2025-41,0.11860626522405303,0.8084818090622363,0.05570776235697948,0.6857888693112489,9.0
2025-42,0.07334544160674343,0.7668901343039258,-0.45887964582741486,0.0,3.0
