topic,sentiment_mean,sentiment_std,subjectivity_mean,subjectivity_std,counting
Adaptation,-0.003763817466119965,0.9851958624665327,0.16296150024458078,1.2712424440211922,75.0
Causes,-0.24966416818722653,0.8745518616387571,0.20870503199973822,1.2376615629564587,27.0
Hazard,0.11944201950811159,1.0157453074389735,0.0987570733574641,1.0503038604244035,240.0
Impacts,-0.04246219999307327,0.963811219607742,-0.09581386297588536,0.838921476414054,486.0
