topic,sentiment_mean,sentiment_std,subjectivity_mean,subjectivity_std,counting
Causes,-0.3033620441563985,0.06595602967537875,-0.122717701593687,0.4563917504116656,2.0
Hazard,0.3268892633854218,0.9987969337804646,0.03784511166149329,1.0326668483889738,8.0
Impacts,0.11288439309650983,1.0007500387932637,-0.08536341995111939,0.6737825334626256,29.0
