keyword,sentiment_mean,sentiment_std,subjectivity_mean,subjectivity_std,counting
'Frost',0.24762497716772078,1.3467447888098927,0.07165688163070733,0.8665415034866426,6.0
'Polarwirbel',0.32010029747553076,1.0,-0.5773502691896257,1.0,1.0
'Schnee',-0.5026823739811623,0.503285056288649,0.15778294128299994,1.298740661883022,6.0
'Temperatursturz',0.24309609354767003,0.6385184419893678,-0.10398001383772106,0.6093435528779072,7.0
