week,sentiment_mean,sentiment_std,subjectivity_mean,subjectivity_std,counting
2025-38,0.0,1.0,0.0,0.9999999999999999,2.0
2025-39,-0.6554509189667168,0.7793782314033061,-0.35355339059327373,0.0,2.0
2025-40,-1.2065545515011729,1.0,2.474873734152916,1.0,1.0
2025-41,0.37496223184382893,0.3946108473557796,-0.1271356419515952,0.20873708555507417,5.0
2025-42,0.3780246005480114,1.1190406286917818,-0.35355339059327373,0.0,3.0
