topic,sentiment_mean,sentiment_std,subjectivity_mean,subjectivity_std,counting
Adaptation,0.06703180895238152,0.977186760604284,0.17695761801330975,1.2572652918702343,83.0
Causes,-0.06430338463236854,0.8750472215506664,0.20375967250612734,1.1417738684993732,41.0
Hazard,0.10099274474053523,1.0091065571930338,0.08858912647150989,1.02795912184201,318.0
Impacts,-0.051774100818767745,0.9774276271971911,-0.08053632213839916,0.8922776697867129,696.0
