topic,sentiment_mean,sentiment_std,subjectivity_mean,subjectivity_std,counting
Adaptation,-0.10493467679131827,1.0010683650106253,0.09591994352428664,1.0336260624443279,52.0
Causes,-0.13423244276833174,0.774570832617047,-0.0351556740102463,0.9649400977781678,17.0
Hazard,0.118229219556308,0.968917565489496,0.08082699735236994,1.0281784647669945,171.0
Impacts,-0.03275299431756413,0.9804857939448048,-0.08183302159848836,0.8647310263510087,328.0
