week,sentiment_mean,sentiment_std,subjectivity_mean,subjectivity_std,counting
2025-38,-0.12325082447809954,1.6474023012886587,0.5,1.4142135623730951,2.0
2025-39,0.054129731144092585,1.3658121086639474,-0.45887964582741486,0.0,4.0
2025-40,-0.2768482894176862,1.0404860979161221,1.1411081155038296,2.3208773542660674,2.0
2025-41,0.059791178213177774,0.7468314486973281,8.561632580095929e-05,0.685097611632509,16.0
2025-42,0.07334544160674343,0.7668901343039258,-0.45887964582741486,0.0,3.0
