keyword,sentiment_mean,sentiment_std,subjectivity_mean,subjectivity_std,counting
'Frost',0.3248359362678876,1.4002773271878872,0.4627337774653868,1.3290058378668614,24.0
'Glatteis',-0.21087451266481935,0.13723061040630224,-0.2722201337829753,0.15851171212028414,6.0
'Jahrhundertwinter',-0.14260741334882382,1.0,-0.4171050325603067,1.0,1.0
'Kältebus',-0.14665386482829873,0.5003664377033276,-0.48761914978314397,0.1446007925013259,5.0
'Kälteeinbruch',0.0,1.0,0.0,1.0,1.0
'Polarwirbel',-0.15811388300841897,0.22360679774997896,-0.15811388300841897,0.22360679774997896,2.0
'Schnee',-0.1066713809623039,0.6391092799375834,-0.19411933969424197,0.6576379007841189,28.0
'Temperatursturz',-0.3393536860723857,0.17330560019547245,-0.18344365555914757,0.3945429759236398,7.0
'Wintereinbruch',-0.20466548599868517,0.17748564793495297,-0.21003723372856797,0.1819013552726389,4.0
