topic,sentiment_mean,sentiment_std,subjectivity_mean,subjectivity_std,counting
Adaptation,0.034411454968400625,0.9769238772620792,0.15492338387214777,1.2289786763244526,85.0
Causes,-0.11245721718586303,0.8317820199766464,0.13040296886105845,1.0761085342510608,47.0
Hazard,0.05600048610087907,0.9768437623845382,0.07252531127253954,1.0239456365791768,391.0
Impacts,-0.024679350900202467,0.997437144706874,-0.06703444714955356,0.9093249397532464,789.0
