topic,sentiment_mean,sentiment_std,subjectivity_mean,subjectivity_std,counting
Adaptation,0.0513318345086632,0.9652512693282983,0.1869961164286378,1.2432236071106004,83.0
Causes,-0.08048763404361196,0.8397055858388283,0.20060295275076123,1.1376081856158649,45.0
Hazard,0.07436418656882467,0.9924576736772895,0.07962518900563252,1.0227686840188388,333.0
Impacts,-0.035612396014549914,0.9905655928011153,-0.07545890280522274,0.9024512688293632,737.0
