week,sentiment_mean,sentiment_std,subjectivity_mean,subjectivity_std,counting
2025-38,-0.5601270587422722,0.8016882269519642,0.9449111825230678,1.8708286933869704,2.0
2025-39,0.009525891945891226,0.8746266919120675,-0.40370301414572207,0.15410398983863613,9.0
2025-40,-0.3391348703322323,1.0423571368101086,0.9500936415094372,1.6342838301840925,4.0
2025-41,0.07250096135817498,0.8940364555732642,-0.09849797958640844,0.5602646847473209,19.0
2025-42,0.11146942724196313,0.8904386841851103,0.015106966693108632,1.002686884961239,9.0
