topic,sentiment_mean,sentiment_std,subjectivity_mean,subjectivity_std,counting
Adaptation,-0.46862586898017383,0.8188265419701518,-0.18318858866890703,0.5956474472148535,16.0
Causes,-0.1531848777007296,0.5204617695415574,-0.401823937066551,0.22248457663754817,12.0
Hazard,0.21070910924438507,0.995175550602605,0.10312635189944948,0.9742258064874332,119.0
Impacts,-0.06333548862283592,0.9472489612055359,-0.06894191676185824,0.9066573056201116,195.0
