topic,sentiment_mean,sentiment_std,subjectivity_mean,subjectivity_std,counting
Causes,0.32010029747553076,1.0,-0.5773502691896257,1.0,1.0
Hazard,0.459627752872053,0.7845946537286331,-0.05884019016594629,0.5805935944691489,7.0
Impacts,-0.5076776660252216,0.6870635840238798,0.17677669529663684,1.1346805717910216,6.0
