week,sentiment_mean,sentiment_std,subjectivity_mean,subjectivity_std,counting
2025-38,-0.3089077538172542,0.7858009292829874,0.5345224838248489,1.6973368495830112,3.0
2025-39,0.179803835016166,0.9582346664691912,-0.02007973164155522,1.0487484546624581,17.0
2025-40,-0.28216534383801734,0.7741215388839037,0.5908866468371105,1.2355999994572484,6.0
2025-41,0.0064523931636663754,1.0010487847836358,-0.19240786085564265,0.4884716439205596,24.0
2025-42,-0.04914459413963194,0.8229066479433171,0.014608941414111228,0.92670633794928,17.0
